,_step,training_loss
0,3,5.868170012723242
1,4,2.04102001697355
2,5,1.33674021894074
3,6,1.1593016247090497
4,7,1.073384326093011
