,_step,train_exact_f1
0,4,71.18916277547758
1,5,75.26434433075906
2,6,77.58076343193723
3,7,79.27741297195438
