,_step,training_loss
0,3,5.895966514843107
1,4,4.4451770955984635
2,5,2.6401638462507613
3,6,1.9753418661174957
4,7,1.7307940459610174
