,_step,training_loss
0,3,5.864178906713399
1,4,4.457236789058888
2,5,2.641032744073672
3,6,1.9608782761074124
4,7,1.7185095380171216
