,_step,train_exact_f1
0,4,27.300703860780327
1,5,51.874087701531366
2,6,60.736020946593136
3,7,64.51121716865165
