,_step,training_loss
0,3,5.868170012723242
1,4,2.542801131171502
2,5,1.4474439490999307
3,6,1.293686463699132
4,7,1.2056259272770418
