,_step,train_exact_f1
0,4,66.2579221567273
1,5,71.57704641335438
2,6,74.1547906282242
3,7,75.89127499736964
