,_step,train_exact_f1
0,4,28.394183846166897
1,5,50.894701421102674
2,6,60.29992210275348
3,7,64.34921383535033
