,_step,train_exact_f1
0,4,71.2226932465072
1,5,75.59970421350945
2,6,77.7701257297107
3,7,79.22937733675276
