,_step,training_loss
0,3,5.747792428299764
1,4,2.0768690324840726
2,5,1.2955909162882089
3,6,1.16881051585384
4,7,1.0889779995551025
