,_step,training_loss
0,3,5.868170012723242
1,4,1.2664688647527211
2,5,0.7878860673809834
3,6,0.5561851010704987
4,7,0.3979218361845747
