,_step,train_exact_f1
0,4,5.549736127031459
1,5,5.5028952431791796
2,6,5.138709666183088
3,7,5.410616337689367
