,_step,training_loss
0,3,5.895966514843107
1,4,4.999969102843842
2,5,5.248783954876066
3,6,5.800049385978814
4,7,5.801213884810253
