,_step,train_exact_f1
0,4,6.247402933166488
1,5,6.369977228967169
2,6,6.3964744496549555
3,7,6.364271647029447
