,_step,training_loss
0,3,5.895966514843107
1,4,5.863697326232242
2,5,5.824706584158087
3,6,5.785097832947195
4,7,5.750588819266344
