,_step,training_loss
0,3,5.747792428299764
1,4,1.4017911511064391
2,5,0.9781760959798106
3,6,0.8245685092809262
4,7,0.7146156897093138
