,_step,train_exact_f1
0,4,79.46311672630345
1,5,83.94913253249057
2,6,86.03992243160974
3,7,88.57759876687837
