,_step,training_loss
0,3,5.864178906713399
1,4,1.4456909685715442
2,5,0.9580745331402842
3,6,0.7616801747830556
4,7,0.6180033687731473
