,_step,train_exact_f1
0,4,79.3440936510355
1,5,85.03646714762907
2,6,88.36691852271589
3,7,90.72726949605232
