,_step,train_exact_f1
0,4,66.40448161296513
1,5,71.86835009989233
2,6,74.11449664981676
3,7,76.0648861247335
