,_step,training_loss
0,3,5.895966514843107
1,4,2.5247979163960457
2,5,1.461022222743315
3,6,1.3019730992829261
4,7,1.2138856179655495
