,_step,train_exact_f1
0,4,84.3260839862729
1,5,90.03658899816101
2,6,93.24145207806865
3,7,95.2491386043615
