,_step,training_loss
0,3,5.868170012723242
1,4,1.253656243307646
2,5,0.7890524238144161
3,6,0.5597463722594297
4,7,0.403300363677471
