,_step,training_loss
0,3,2.3074636311927583
1,4,0.34529303370127035
