,_step,training_loss
0,3,5.888013661119746
1,4,1.494968381911394
2,5,1.0432552402877286
3,6,0.8998334730372709
4,7,0.7859506123287733
