,_step,train_exact_f1
0,4,78.7117974156506
1,5,82.08913920769488
2,6,84.34864459493933
3,7,86.6282981730982
