,_step,train_exact_f1
0,4,5.421876913983642
1,5,5.4259860503995245
2,6,5.493963320991113
3,7,5.861133513393135
