,_step,training_loss
0,3,5.864178906713399
1,4,2.0188346228423426
2,5,1.2893326963510787
3,6,1.160214931889859
4,7,1.082437636025464
