,_step,train_exact_f1
0,4,71.57636930078289
1,5,75.77092030166838
2,6,77.84145919857976
3,7,79.35625236726197
