,_step,train_exact_f1
0,4,5.609196128154437
1,5,4.889811134412761
2,6,5.089734130082161
3,7,5.581344322308134
