,_step,training_loss
0,3,5.864178906713399
1,4,5.802244811834291
2,5,5.804131510221844
3,6,5.801449516599058
4,7,5.79872948872244
