,_step,training_loss
0,3,5.864178906713399
1,4,5.200305062540579
2,5,4.23738012170335
3,6,3.3142423743914646
4,7,2.781073616565334
