,_step,train_exact_f1
0,4,8.820967115146473
1,5,17.495736874640478
2,6,33.94707397550289
3,7,40.72024551786947
