,_step,training_loss
0,3,5.864178906713399
1,4,1.268971603211887
2,5,0.7851016734554732
3,6,0.5504996366115993
4,7,0.3967100985847648
