,_step,train_exact_f1
0,4,84.17771065634788
1,5,90.06464986446097
2,6,93.24434529853987
3,7,95.25998738295638
