,_step,training_loss
0,3,5.895966514843107
1,4,5.710734917396723
2,5,5.801095741131074
3,6,5.7980811694415255
4,7,5.799213842425888
