,_step,train_exact_f1
0,4,5.632329504461384
1,5,3.677466607587927
2,6,4.152991656295891
3,7,5.874596847083849
