,_step,training_loss
0,3,5.895966514843107
1,4,2.7629652761075794
2,5,1.6197154990788523
3,6,1.3992908531598613
4,7,1.288377114604501
