,_step,train_accuracy
0,4,0.016540000215172768
1,5,0.9995200037956238
