,_step,training_loss
0,3,8.399296028839657
1,4,5.289480045933248
