,_step,training_loss
0,3,5.895966514843107
1,4,1.9901573981208123
2,5,1.2728808895507688
3,6,1.1447569633883752
4,7,1.068985688025909
