,_step,train_exact_f1
0,4,83.03855747768708
1,5,4.886609326757033
2,6,5.405061134194976
3,7,5.2686949418245
