,_step,training_loss
0,3,5.747792428299764
1,4,1.340930915987769
2,5,4.244408833858253
3,6,5.726152001392662
4,7,5.799678753567133
