,_step,training_loss
0,3,5.895966514843107
1,4,5.80254009053743
2,5,5.801703416273793
3,6,5.798671037227772
4,7,5.7999153232444005
