,_step,train_exact_f1
0,4,5.710622766908988
1,5,4.770811217353147
2,6,5.50884343125311
3,7,5.082823326008726
