,_step,train_exact_f1
0,4,84.32063782292283
1,5,89.5116036548798
2,6,92.96768436760333
3,7,94.89142794379778
