,_step,train_exact_f1
0,4,79.83888587222403
1,5,84.98430718781191
2,6,88.20917344804504
3,7,90.94819071688899
