,_step,training_loss
0,3,5.868170012723242
1,4,1.451786635251443
2,5,0.9591517473457613
3,6,0.7661360665890815
4,7,0.621474275584097
