,_step,training_loss
0,3,5.868170012723242
1,4,4.994739854319477
2,5,4.998251666579136
3,6,4.9993274570000645
4,7,5.002491076765569
