,_step,train_exact_f1
0,4,5.41962182572886
1,5,4.433471566620075
2,6,4.835986734855389
3,7,5.247924674780079
