,_step,training_loss
0,3,5.747792428299764
1,4,5.5793682164924085
2,5,5.21834316658093
3,6,4.87995450897843
4,7,4.663618906806497
