,_step,train_exact_f1
0,4,6.650023984068725
1,5,7.007105385346568
2,6,7.3160024373853405
3,7,7.732793606012809
