,_step,training_loss
0,3,5.864178906713399
1,4,2.517707993475422
2,5,1.455132075357372
3,6,1.303959338511716
4,7,1.2213405171187566
