,_step,train_exact_f1
0,4,66.58767754888625
1,5,71.96806973112584
2,6,74.3917524781212
3,7,76.0185497375657
