,_step,training_loss
0,3,5.864178906713399
1,4,2.6896000048367337
2,5,1.6056970961116734
3,6,1.4054220521743581
4,7,1.292685927036849
