,_step,train_exact_f1
0,4,62.26592664422381
1,5,68.86773254778416
2,6,72.25776024906283
3,7,74.35973778300679
