,_step,train_exact_f1
0,4,4.80284789599494
1,5,3.8074262002502293
2,6,4.02847547171068
3,7,2.476240100088661
