,_step,training_loss
0,3,5.747792428299764
1,4,4.893217114873853
2,5,4.978278494468303
3,6,4.977453745699777
4,7,4.9770221990697525
