,_step,train_exact_f1
0,4,17.738994129247345
1,5,48.522854482723034
2,6,59.83296022258555
3,7,64.04643283195945
