,_step,training_loss
0,3,5.747792428299764
1,4,4.574639899623052
2,5,2.8679315221293353
3,6,2.0366891423263236
4,7,1.754738090155715
