,_step,train_exact_f1
0,4,5.7575979268377795
1,5,5.526968037416398
2,6,5.810249297834404
3,7,5.0512084038439715
