,_step,training_loss
0,3,5.868170012723242
1,4,1.4692719134358145
2,5,1.0248065908614001
3,6,0.8816073441595125
4,7,0.7773089755331606
