,_step,training_loss
0,3,5.888013661119746
1,4,5.8110143301425
2,5,5.800907492344096
3,6,5.803041138629418
4,7,5.799517126644359
