,_step,train_exact_f1
0,4,5.3979965421601515
1,5,5.74584526545081
2,6,5.978480827601589
3,7,3.471408767416606
