,_step,training_loss
0,3,5.895966514843107
1,4,1.4373146342024432
2,5,0.9802427541948702
3,6,0.8164352158270521
4,7,0.6992742138750413
