,_step,train_exact_f1
0,4,8.682202532105595
1,5,20.888408199721606
2,6,33.964386551921635
3,7,39.04850498447361
