,_step,train_exact_f1
0,4,5.690083712431525
1,5,5.617192632465997
2,6,4.865852296314769
3,7,6.016061570279
