,_step,training_loss
0,3,5.747792428299764
1,4,1.4874725562847753
2,5,1.0448950756427853
3,6,0.8983375228462401
4,7,0.790677805202115
