,_step,train_exact_f1
0,4,77.88181333579873
1,5,81.95762118327708
2,6,84.81159607103145
3,7,86.62006248199958
