,_step,training_loss
0,3,5.895966514843107
1,4,5.195639654256087
2,5,4.216562212345212
3,6,3.2775775635454463
4,7,2.779805175387256
