,_step,train_exact_f1
0,4,79.80627335248523
1,5,84.82762099371988
2,6,88.23228460696676
3,7,90.53924525016807
