,_step,training_loss
0,3,5.747792428299764
1,4,1.4686299651657344
2,5,0.9688507119461222
3,6,0.7755534888088459
4,7,0.6326714171675096
