,_step,training_loss
0,3,5.888013661119746
1,4,5.803123915603158
2,5,5.799180706222471
3,6,5.801571740725787
4,7,5.797656628338648
