,_step,train_exact_f1
0,4,5.295097572184136
1,5,5.529386506042902
2,6,5.827707541279409
3,7,5.140057421219845
