,_step,train_exact_f1
0,4,82.64107748008641
1,5,87.40021764485972
2,6,89.2309542535736
3,7,90.50370366186475
