,_step,training_loss
0,3,5.888013661119746
1,4,1.3337457955128191
2,5,0.9335474310837757
3,6,0.7525075897146347
4,7,0.625915960598579
