,_step,training_loss
0,3,5.864178906713399
1,4,1.3773553663418818
2,5,0.9739696797365692
3,6,0.8112890601525066
4,7,0.6956335924107138
