,_step,train_exact_f1
0,4,78.85457849470603
1,5,83.10489811630653
2,6,87.03546893656761
3,7,88.95446940650568
