,_step,training_loss
0,3,5.888013661119746
1,4,1.2839898563442413
2,5,0.7916747376180054
3,6,0.5588629718620213
4,7,0.40491195402010033
