,_step,train_exact_f1
0,4,60.540383740669434
1,5,68.56616168779378
2,6,71.9983315244658
3,7,74.38105272770672
