,_step,training_loss
0,3,5.895966514843107
1,4,2.737833756689497
2,5,1.6175522516918575
3,6,1.398671710458565
4,7,1.2884627724476618
