,_step,train_exact_f1
0,4,84.63528111312318
1,5,90.1182523463258
2,6,93.33449600414427
3,7,95.16511539377557
