,_step,training_loss
0,3,5.747792428299764
1,4,1.2646508165896346
2,5,0.7807412633450673
3,6,0.5484784994177551
4,7,0.39721753685728795
