,_step,train_exact_f1
0,4,6.4240388792696255
1,5,6.9378147411881415
2,6,7.243017105611367
3,7,7.618132876894117
