,_step,training_loss
0,3,5.888013661119746
1,4,5.700089972974827
2,5,5.276127515315357
3,6,4.906207215117364
4,7,4.68666510484124
