,_step,train_exact_f1
0,4,65.83730938982258
1,5,71.75474429312574
2,6,74.31782801979095
3,7,75.94158706784465
