,_step,training_loss
0,3,5.747792428299764
1,4,2.615776378854029
2,5,1.4678570032772058
3,6,1.3164191334909683
4,7,1.2321311154052432
