,_step,train_exact_f1
0,4,5.09383747308199
1,5,5.008143851014824
2,6,4.598844155392813
3,7,5.490486996717217
