,_step,train_exact_f1
0,4,59.98992084027378
1,5,67.44476728221142
2,6,71.28464552141091
3,7,73.64903538992505
