,_step,training_loss
0,3,5.888013661119746
1,4,2.7764047879037714
2,5,1.6536798401831276
3,6,1.4368661690019224
4,7,1.3134151009952322
