,_step,train_exact_f1
0,4,6.577102749129559
1,5,7.011145186431391
2,6,7.629678910317163
3,7,8.364446472624103
