,_step,training_loss
0,3,5.895966514843107
1,4,5.691769568864689
2,5,5.298104067148817
3,6,4.891670155427361
4,7,4.642772462951827
