,_step,training_loss
0,3,5.868170012723242
1,4,1.3376655576656358
2,5,0.9365209946064877
3,6,0.7547658489112489
4,7,0.636239837336312
