,_step,train_exact_f1
0,4,82.00786346140866
1,5,86.27573725101773
2,6,89.74330920727438
3,7,90.54410059578039
