,_step,train_exact_f1
0,4,61.74282776174033
1,5,68.88110096143076
2,6,72.21767711373835
3,7,74.29852319862783
