,_step,training_loss
0,3,5.868170012723242
1,4,2.7028056367803694
2,5,1.5946197814556544
3,6,1.3958096917937783
4,7,1.281058745394001
