,_step,training_loss
0,3,5.747792428299764
1,4,1.3912458634979912
2,5,0.9960371731325638
3,6,0.8335211907952983
4,7,0.70911486139865
