,_step,train_exact_f1
0,4,79.95775275811944
1,5,84.01773288039553
2,6,85.82012993825141
3,7,88.8343664780571
