,_step,train_exact_f1
0,4,80.29038750496494
1,5,83.79384362886734
2,6,86.6956101776603
3,7,88.58959448743121
