,_step,train_exact_f1
0,4,61.108179612051245
1,5,68.54024853834777
2,6,71.84686055948623
3,7,74.19563302059868
