,_step,training_loss
0,3,5.864178906713399
1,4,5.8091035815498575
2,5,5.805595814121732
3,6,5.802729890382404
4,7,5.800194892674562
