,_step,train_exact_f1
0,4,4.89673380719285
1,5,4.755834241479318
2,6,3.8927901071834743
3,7,5.585154691395298
