,_step,training_loss
0,3,5.895966514843107
1,4,1.3262807980607865
2,5,0.9321402926777684
3,6,0.7456020625198588
4,7,0.6193931786901484
