,_step,train_exact_f1
0,4,82.83229582057143
1,5,86.37463360398378
2,6,89.46445752507918
3,7,91.81807940014056
