,_step,train_exact_f1
0,4,71.7509976942896
1,5,75.70343754747155
2,6,77.85930588567767
3,7,79.50783004029329
