,_step,training_loss
0,3,10.44643633932508
1,4,6.537337874548483
