,_step,train_ppl
0,4,324.95655408640704
1,5,9.453270436507001
