,_step,train_ppl
0,4,241.8363462062445
1,5,1.0054106818897495
