,_step,training_loss
0,3,9.2995850201818
1,4,6.276633710191961
