,_step,training_loss
0,3,5.868170012723242
1,4,5.808541724261116
2,5,5.8004166120380445
3,6,5.799945651261816
4,7,5.800349828091268
