,_step,train_exact_f1
0,4,5.762704585307102
1,5,5.606779847106812
2,6,5.550993342771883
3,7,4.117190111049499
