,_step,train_exact_f1
0,4,17.731821862120004
1,5,48.721411375391945
2,6,59.23366013251293
3,7,63.40776508831761
