,_step,train_exact_f1
0,4,79.98241982741672
1,5,84.1139416185132
2,6,86.61232802069891
3,7,88.83265967466876
