,_step,training_loss
0,3,5.895966514843107
1,4,1.2583199398380625
2,5,0.7904609984925931
3,6,0.5564922161165895
4,7,0.4013165781378909
