,_step,train_exact_f1
0,4,5.7028328514663205
1,5,5.590021635698231
2,6,5.407906108334545
3,7,5.465631949706631
