,_step,training_loss
0,3,5.868170012723242
1,4,5.799965128657266
2,5,5.801421750195212
3,6,5.80042533326573
4,7,5.80046147817463
