,_step,train_exact_f1
0,4,77.66642086489567
1,5,82.2156529260139
2,6,84.91819799833902
3,7,86.80513380212791
