,_step,training_loss
0,3,5.894445223880043
1,4,1.2721072203157375
