,_step,training_loss
0,3,5.895966514843107
1,4,1.2722391945555827
2,5,0.7900334763543224
3,6,0.554695334092863
4,7,0.39812863614670063
