,_step,train_exact_f1
0,4,8.019803804669168
1,5,11.932831550809093
2,6,27.252591585111713
3,7,37.29483149166932
