,_step,training_loss
0,3,5.747792428299764
1,4,5.145758756306201
2,5,4.298006463540073
3,6,3.670740860888146
4,7,2.948963486871054
