,_step,train_exact_f1
0,4,6.0776878581264775
1,5,6.128995235866163
2,6,6.146015560809806
3,7,6.151736239139585
