,_step,train_exact_f1
0,4,78.85547932308204
1,5,84.03102191621005
2,6,86.39811090523402
3,7,89.0709504719346
