,_step,training_loss
0,3,5.868170012723242
1,4,1.509788334443044
2,5,0.9807485030467141
3,6,0.8153453019550821
4,7,0.695333454599948
