,_step,train_exact_f1
0,4,8.981703095575023
1,5,20.111170782253375
2,6,34.00280602786251
3,7,39.55276279484854
