,_step,training_loss
0,3,5.868170012723242
1,4,5.246215833880506
2,5,4.179983921024933
3,6,3.26368619100829
4,7,2.7718655268568675
