,_step,training_loss
0,3,5.747792428299764
1,4,1.2518933636789935
2,5,0.7840557921764463
3,6,0.5491351789554069
4,7,0.3975357233152996
