,_step,train_exact_f1
0,4,84.71182540488617
1,5,90.11036172779426
2,6,93.37502408868893
3,7,95.21726042695026
