,_step,train_exact_f1
0,4,84.3523217337303
1,5,89.99218364358775
2,6,93.11542074787897
3,7,95.31206043747612
