,_step,train_exact_f1
0,5,42.8048746035448
1,7,45.12991765240662
