,_step,training_loss
0,3,5.868170012723242
1,5,1.2664688647527211
2,7,0.7855354332238966
