,_step,train_ppl
0,4,241.02204654804305
1,5,1.0054106815624937
