,_step,train_exact_f1
0,4,82.26624506874144
1,5,85.22094199280033
2,6,89.27942268165933
3,7,91.36645519160224
