,_step,training_loss
0,3,5.895966514843107
1,4,1.3321137497591418
2,5,0.9354713969941667
3,6,0.7501772213324639
4,7,0.6248890580377565
