,_step,training_loss
0,3,5.888013661119746
1,4,1.4812931880089881
2,5,0.9690432780418449
3,6,0.7768774625785374
4,7,0.6309230330623126
