,_step,train_exact_f1
0,4,79.43406752518746
1,5,84.39597756792415
2,6,88.02394870081993
3,7,90.49756257638126
