,_step,train_exact_f1
0,4,5.326531566893895
1,5,4.1554372911114585
2,6,5.132354533273813
3,7,5.02632164533487
