,_step,training_loss
0,3,5.888013661119746
1,4,2.8956564842920787
2,5,5.800017636712696
3,6,5.800843577900272
4,7,5.797033724934882
