,_step,training_loss
0,3,5.895966514843107
1,4,1.4668718548218953
2,5,1.02819961046879
3,6,0.8802125438130505
4,7,0.7784705437485399
