,_step,train_exact_f1
0,4,78.62016817072681
1,5,82.0922645936764
2,6,84.96638593668631
3,7,86.86512323298057
