,_step,training_loss
0,3,5.888013661119746
1,4,2.619133745922762
2,5,1.4703004627319107
3,6,1.3149340274151307
4,7,1.2288838062175484
