,_step,train_exact_f1
0,4,71.43381591390347
1,5,75.55432485264843
2,6,77.45406376132293
3,7,79.41694220745227
