,_step,training_loss
0,3,5.888013661119746
1,4,2.0803102626683123
2,5,1.2817880934550236
3,6,1.1541586021147414
4,7,1.0725796881436322
