,_step,training_loss
0,3,5.747792428299764
1,4,5.780353772754382
2,5,5.803068516388148
3,6,5.800753211844636
4,7,5.799922775211152
