,_step,train_exact_f1
0,4,5.451885105160057
1,5,5.845043973797979
2,6,5.6528968897589795
3,7,4.230299967676505
