,_step,training_loss
0,3,5.868170012723242
1,4,4.490761481101145
2,5,2.6673974310487467
3,6,2.002878370983004
4,7,1.7444501680975573
