,_step,train_exact_f1
0,4,26.052022818393546
1,5,49.96780790426993
2,6,59.619012823709554
3,7,63.86874536446283
