,_step,train_exact_f1
0,4,78.6174628305357
1,5,82.12562833466968
2,6,84.88936699250681
3,7,86.67223552690733
