,_step,training_loss
0,3,5.895966514843107
1,4,1.434903536498465
2,5,1.0234992846214657
3,6,0.8785761437158415
4,7,0.7777838558937065
