,_step,train_exact_f1
0,4,84.49576129585344
1,5,89.92852028713455
2,6,93.33395358414907
3,7,95.07094024580252
