,_step,training_loss
0,3,5.895966514843107
1,4,4.972438459683378
2,5,4.984014006874304
3,6,4.983242792111252
4,7,4.982958308975283
