,_step,train_exact_f1
0,4,5.387169601148125
1,5,5.074158879538683
2,6,5.161497934158758
3,7,5.520284762878444
