,_step,training_loss
0,3,5.864178906713399
1,4,1.3775320061743668
2,5,0.9853855715486158
3,6,0.8152812227056389
4,7,0.6962141933136208
