,_step,train_exact_f1
0,4,78.98802955533522
1,5,83.9361970598479
2,6,86.79956061584015
3,7,88.85774708523833
