,_step,training_loss
0,3,9.299585003371181
1,4,6.275957442166512
