,_step,training_loss
0,3,2.307466877040578
1,4,0.3444633550608336
