,_step,train_exact_f1
0,4,6.572028252891511
1,5,7.003939042436109
2,6,7.61970386372302
3,7,8.315666715791089
