,_step,training_loss
0,3,5.895966514843107
1,4,5.802041623497792
2,5,5.8014704131558235
3,6,5.798824664505986
4,7,5.799897502711305
