,_step,train_exact_f1
0,4,5.091621468830573
1,5,5.316247154353501
2,6,5.57903877237639
3,7,4.7587943578209275
