,_step,training_loss
0,3,5.868170012723242
1,4,5.67686986936264
2,5,5.329076890645373
3,6,4.950414141095288
4,7,4.67589814111733
