,_step,training_loss
0,3,5.864178906713399
1,4,1.2612550756021335
2,5,0.7852804504691657
3,6,0.5488466438859008
4,7,0.39620739477196076
