,_step,training_loss
0,3,5.895966514843107
1,4,5.812273067912717
2,5,5.801236647359324
3,6,5.798472912106077
4,7,5.799876818806952
