,_step,train_exact_f1
0,4,79.8942075135392
1,5,84.85317126019339
2,6,88.29253425909485
3,7,90.651805787511
