,_step,training_loss
0,3,5.895966514843107
1,4,1.4494927610809598
2,5,0.9557964987899961
3,6,0.7592253467615913
4,7,0.6186842059184033
