,_step,train_exact_f1
0,4,80.65198011018066
1,5,87.03158682832387
2,6,82.43765956104734
3,7,91.15525028006306
