,_step,training_loss
0,3,5.864178906713399
1,4,1.331330784083065
2,5,0.9307673692703247
3,6,0.7445108252698517
4,7,0.6343117072627906
