,_step,train_accuracy
0,4,0.01679999940097332
1,5,0.9995200037956238
