,_step,train_exact_f1
0,4,5.554113417203371
1,5,5.187924540180543
2,6,5.2757280472883465
3,7,5.24589852719111
