,_step,training_loss
0,3,5.868170012723242
1,4,5.752288459785659
2,5,5.801540474689447
3,6,5.294982224319604
4,7,4.987664127219392
