,_step,training_loss
0,3,10.446436341370777
1,4,6.53727490342315
