,_step,train_ppl
0,4,324.86981208732874
1,5,9.45327039420399
