,_step,train_exact_f1
0,4,8.059845916311584
1,5,13.6877257433043
2,6,27.324842242939678
3,7,37.31414186289946
