,_step,training_loss
0,3,5.864178906713399
1,4,5.694011784578316
2,5,5.803143988816748
3,6,5.8004957527859915
4,7,5.7983460088435015
