,_step,train_exact_f1
0,4,5.659798924297151
1,5,5.3055750307096226
2,6,5.5129466323576235
3,7,5.566027123540449
