,_step,train_exact_f1
0,4,71.69995336875662
1,5,75.67963822042127
2,6,77.76708302142703
3,7,79.41726533959323
