,_step,training_loss
0,3,5.888013661119746
1,4,1.4102797899950708
2,5,0.9869738170206954
3,6,0.8263704101951276
4,7,0.7027876501085005
