,_step,train_exact_f1
0,4,79.39006457330436
1,5,83.60189459462437
2,6,86.50320326011469
3,7,88.71547022531125
